id,name,email
11,Linda White,linda@gmail.com
12,William Harris,william@gmail.com
13,Elizabeth Martin,elizabeth@gmail.com
14,Charles Thompson,charles@gmail.com
15,Barbara Garcia,barbara@gmail.com
16,Joseph Martinez,joseph@gmail.com
17,Susan Robinson,susan@gmail.com
18,Thomas Clark,thomas@gmail.com
19,Mary Lewis,mary@gmail.com
20,Christopher Walker,christopher@gmail.com
21,Karen Hall,karen@gmail.com
22,Daniel Allen,daniel@gmail.com
23,Nancy Young,nancy@gmail.com
24,Matthew King,matthew@gmail.com